kd_suplier,kd_barang,gudang,qty
NONAM01,ZZACL01,Global,0
NONAM01,ZZACMI02,Global,0
NONAM01,ZZACMI01,Global,0
ASIAN01,QACL02,Global,261
ASIAN01,QACL01,Global,562
EXCEL01,QABAC01,Global,1886
EXCEL01,AABAC01,Global,0
EXCEL01,AABAC02,Global,0
EXCEL01,QABAC02,Global,0
EXCEL01,QABAC03,Global,250
EXCEL01,AABAC03,Global,0
EXCEL01,QABAC04,Global,220
EXCEL01,AABAC04,Global,0
EXCEL01,AABAC07,Global,0
EXCEL01,QABAC07,Global,4015
ARTHA01,AABAC06,Global,0
ARTHA01,QABAC06,Global,0
ARTHA01,QABAC05,Global,0
ARTHA01,AABAC05,Global,0
ARTHA01,AABAC08,Global,0
ADVAN01,QABAD02,Global,4657
ADVAN01,AABAD02,Global,0
ADVAN01,QABAD01,Global,1194
ADVAN01,AABAD01,Global,0
EXCEL01,QABAS02,Global,0
EXCEL01,QABAS01,Global,0
ADVAN01,QABEN01,Global,964
ADVAN01,AABEN01,Global,0
ADVAN01,QABEN02,Global,3845
ADVAN01,AABEN02,Global,0
ADVAN01,AABOJ02,Global,0
ADVAN01,QABOJ02,Global,0
ADVAN01,QABOJ01,Global,16655
ADVAN01,AABOJ01,Global,0
BINAN02,QABSI01,Global,0
BINAN02,QABSI04,Global,0
BINAN02,QABSI03,Global,0
BINAN02,QABSI02,Global,0
AGRIC01,QABUK03,Global,0
AGRIC01,AABUK01,Global,0
AGRIC01,QABUK01,Global,0
AGRIC01,QABUK02,Global,0
DUPON01,QACAP01,Global,0
DUPON01,AACAP01,Global,0
CORTE01,QACAP02,Global,20650
SARAN08,AACCO03,Global,1
SARAN08,QACCO02,Global,0
SARAN08,AACCO02,Global,0
BEN01,AACCO04,Global,0
SARAN08,QACCO01,Global,115
SARAN08,AACCO01,Global,0
SARAN08,QACCO03,Global,0
IMTAS01,QACCU06,Global,3
IMTAS01,QACCU02,Global,0
WIDJA01,AACCU01,Global,1
IMTAS01,QACCU05,Global,73
STARM01,QACCU01,Global,0
WIDJA01,AACCU02,Global,0
WIDJA01,QACCU03,Global,0
SINAR01,AACEO01,Global,0
SINAR01,QACEO01,Global,0
SINAR01,QACEO03,Global,0
SINAR01,AACEO03,Global,0
SINAR01,QACEO02,Global,1783
SINAR01,AACEO02,Global,0
SINAR01,QACEO04,Global,1138
ROYAL01,AACEM01,Global,0
ROYAL01,QACEM01,Global,0
ROYAL01,AACEM02,Global,0
ROYAL01,QACEM02,Global,0
ADVAN01,QACHL01,Global,120
BASFI01,QACRO02,Global,0
BASFI01,QACRO01,Global,0
BASFI01,AACRO02,Global,0
BASFI01,AACRO01,Global,0
BASFI01,QACRO03,Global,45956
SYNGE01,QACTA01,Global,0
SYNGE01,AACTA01,Global,0
SYNGE01,AACTE01,Global,0
SYNGE01,QACTE01,Global,0
AGRON01,QACTI04,Global,972
AGRON01,QACTI03,Global,1840
SINAR01,QACTI01,Global,0
SINAR01,AACTI01,Global,0
SINAR01,QACTI02,Global,0
SINAR01,AACTI02,Global,0
BAYER01,AADEN01,Global,0
BAYER01,QADEN01,Global,0
BAYER01,QADEN02,Global,0
PETRO01,QADMI02,Global,0
GLOBA01,QADMI01,Global,0
GLOBA01,AADMI01,Global,0
ADVAN01,QADOC01,Global,0
ADVAN01,AADOC01,Global,0
ADVAN01,AADOC02,Global,0
ADVAN01,QADOC02,Global,0
ADVAN01,QADOC03,Global,0
BIOWO01,AADRI01,Global,0
BIOWO01,QADRI02,Global,190
BIOWO01,QADRI01,Global,52
ADVAN01,QAFON04,Global,1684
ADVAN01,QAFON03,Global,2165
ADVAN01,QAFON01,Global,113
ADVAN01,AAFON01,Global,188
ADVAN01,QAFON02,Global,400
AGROG01,QAGAP02,Global,480
AGROG01,QAGAP01,Global,500
NUFAR01,QAGEN01,Global,0
NUFAR01,QAGEN02,Global,0
NUFAR01,AAGEN01,Global,0
ROYAL01,QAGIL01,Global,0
ROYAL01,AAGIL01,Global,0
ROYAL01,AAGIL02,Global,0
ROYAL01,QAGIL02,Global,0
MITOK01,QAGRE01,Global,0
DELIS01,AAGRI07,Global,0
AGRIM02,AAGRI05,Global,0
AGRIM02,AAGRI04,Global,0
BAYER01,QAGRI06,Global,2058
PETRO01,QAGRI01,Global,0
SYNGE01,QAGRI02,Global,0
SYNGE01,AAGRI01,Global,0
SYNGE01,QAGRI07,Global,13724
SYNGE01,QAGRI03,Global,0
SYNGE01,AAGRI02,Global,0
AGRIC02,AAGRI09,Global,0
AGRIC02,AAGRI08,Global,0
BAYER01,QAGRI04,Global,557
BAYER01,AAGRI03,Global,0
BAYER01,QAGRI05,Global,0
BAYER01,AAGRI06,Global,0
GLOBA01,QAGRO01,Global,0
GLOBA01,AAGRO01,Global,0
GLOBA01,QAGRO02,Global,25873
GLOBA01,AAGRO08,Global,0
NONAM01,AGROM01,Global,0
WAHAN01,AAGRO02,Global,0
WAHAN01,AAGRO03,Global,0
WAHAN01,AAGRO04,Global,0
WAHAN01,AAGRO05,Global,0
EXCEL01,QAGRO03,Global,0
EXCEL01,AAGRO07,Global,0
EXCEL01,QAGRO04,Global,0
EXCEL01,AAGRO06,Global,0
EXCEL01,QAGRO05,Global,0
EXCEL01,QAGRO06,Global,0
GLOBA01,QAGRO07,Global,0
GLOBA01,AAGRO09,Global,0
GLOBA01,QAGRO11,Global,0
GLOBA01,QAGRO08,Global,0
GLOBA01,AAGRO10,Global,0
GLOBA01,QAGRO09,Global,0
GLOBA01,AAGRO11,Global,0
GLOBA01,QAGRO10,Global,0
ADVAN01,QAGUS01,Global,14193
ADVAN01,AAGUS02,Global,0
ADVAN01,QAGUS02,Global,10893
ADVAN01,AAGUS01,Global,0
SINER01,QAGXA02,Global,3085
SINER01,QAGXA01,Global,2213
ADVAN01,QAIPI02,Global,0
ADVAN01,AAIPI02,Global,0
ADVAN01,QAIPI01,Global,0
ADVAN01,AAIPI01,Global,0
ADVAN01,QAIPI03,Global,0
ADVAN01,AAIPI03,Global,0
ADVAN01,QAJIN01,Global,0
ADVAN01,QAKAL01,Global,283
ADVAN01,AAKAL03,Global,0
ADVAN01,QAKAL02,Global,2167
ADVAN01,AAKAL01,Global,0
ADVAN01,QAKAL03,Global,1648
ADVAN01,AAKAL02,Global,0
ADVAN01,QAKAR02,Global,0
ADVAN01,AAKAR02,Global,0
ADVAN01,QAKAR01,Global,0
ADVAN01,AAKAR01,Global,0
NONAM01,AAKOD01,Global,0
MAJUM01,QAKRO02,Global,627
MAJUM01,QAKRO03,Global,800
MAJUM01,AAKRO02,Global,0
MAJUM01,AAKRO01,Global,0
MAJUM01,QAKRO01,Global,230
ASIAG01,QALAM02,Global,0
ASIAG01,AALAM01,Global,0
ASIAG01,QALAM01,Global,0
ASIAG01,AALAM02,Global,0
ARTHA01,AALAS01,Global,0
AGROD01,QALAT10,Global,0
AGROD01,AALAT02,Global,0
IMTAS01,QALAT08,Global,0
AGROD01,QALAT09,Global,1
IMTAS01,AALAT06,Global,0
IMTAS01,QALAT07,Global,0
SARAN04,AALAT08,Global,0
IMTAS01,QALAT21,Global,76
JAWAA01,AALAT01,Global,0
JAWAA01,QMESI01,Global,0
JAWAA01,QMESI02,Global,0
SARAN04,AALAT07,Global,0
IMTAS01,AALAT05,Global,0
IMTAS01,QALAT06,Global,0
SARAN04,QALAT19,Global,0
STARM01,QALAT20,Global,0
STARM01,AALAT04,Global,0
STARM01,QALAT11,Global,0
STARM01,QALAT01,Global,0
STARM01,QALAT16,Global,20
IMTAS01,QALAT13,Global,0
IMTAS01,QALAT12,Global,0
IMTAS01,QALAT15,Global,1449
STARM01,QALAT02,Global,0
IMTAS01,QALAT14,Global,0
STARM01,QALAT03,Global,0
STARM01,QALAT05,Global,0
STARM01,QALAT04,Global,0
STARM01,AALAT03,Global,0
IMTAS01,QALAT17,Global,73
IMTAS01,QALAT18,Global,31
MAJUM01,AALEX02,Global,0
MAJUM01,QALEX02,Global,0
MAJUM01,QALEX01,Global,0
AGROG01,QALFA01,Global,3680
AGROG01,AALFA04,Global,0
AGROG01,AALFA02,Global,0
AGROG01,QALFA02,Global,2828
AGROG01,AALFA03,Global,0
AGROG01,AALFA05,Global,0
MAJUM01,QALFA05,Global,0
JOHNN01,QALFA03,Global,0
AGROG01,QALFA04,Global,12084
AGROG01,AALFA01,Global,0
DELIS01,AALI-01,Global,0
DELIS01,QALI-01,Global,0
DELIS01,QALIR01,Global,0
SYNGE01,QALIK01,Global,10490
SYNGE01,AALIK03,Global,0
SYNGE01,QALIK02,Global,3988
SYNGE01,AALIK02,Global,0
SYNGE01,QALIK03,Global,8849
SYNGE01,AALIK01,Global,0
DUPON01,QALLY02,Global,0
DUPON01,AALLY02,Global,0
DUPON01,QALLY01,Global,0
DUPON01,AALLY01,Global,0
SINAR01,QALMI03,Global,0
SINAR01,QALMI01,Global,0
SINAR01,QALMI04,Global,0
SINAR01,QALMI02,Global,0
AGROT01,AALPH01,Global,0
AGROT01,AALPH02,Global,0
SARIK02,QALTA01,Global,0
SARIK02,AALTA01,Global,0
INDAG01,AALTR01,Global,0
SARIK02,QAMAB01,Global,1105
SARIK02,AAMAB02,Global,0
SARIK02,QAMAB02,Global,1176
SARIK02,AAMAB01,Global,0
TANIN01,QAMAN01,Global,0
TANIN01,QAMAN02,Global,0
TANIN01,QAMAN04,Global,0
TANIN01,QAMAN03,Global,0
ARTHA01,AAMAZ03,Global,0
ARTHA01,QAMAZ01,Global,204
ARTHA01,AAMAZ01,Global,0
ARTHA01,QAMAZ02,Global,0
ARTHA01,AAMAZ02,Global,0
BIOWO01,AAMBE01,Global,0
BIOWO01,QAMBE02,Global,801
BIOWO01,QAMBE01,Global,420
BIOWO01,AAMBE02,Global,0
BAYER01,QAMBI01,Global,0
ADILM01,QAMCO17,Global,9914
ADILM01,QAMCO19,Global,206
ADILM01,QAMCO18,Global,860
ADILM01,QAMCO02,Global,0
ADILM01,QAMCO01,Global,0
ADILM01,QAMCO09,Global,0
ADILM01,QAMCO11,Global,0
ADILM01,QAMCO10,Global,0
ADILM01,QAMCO04,Global,0
ADILM01,QAMCO03,Global,0
ADILM01,CAMCO03,Global,0
ADILM01,CAMCO05,Global,0
ADILM01,CAMCO07,Global,0
ADILM01,CAMCO06,Global,0
ADILM01,AAMCO05,Global,0
ADILM01,QAMCO12,Global,86
ADILM01,QAMCO13,Global,0
ADILM01,AAMCO04,Global,0
ADILM01,QAMCO16,Global,0
ADILM01,AAMCO02,Global,0
ADILM01,QAMCO05,Global,0
NONAM01,CAMCO04,Global,0
ADILM01,QAMCO15,Global,0
ADILM01,AAMCO03,Global,0
ADILM01,QAMCO07,Global,0
ADILM01,CAMCO01,Global,0
ADILM01,AAMCO01,Global,0
ADILM01,QAMCO06,Global,0
ADILM01,CAMCO02,Global,0
ADILM01,QAMCO14,Global,0
ADILM01,QAMCO08,Global,0
INTER01,AAMEG01,Global,0
INTER01,QAMEG01,Global,2801
ROYAL01,QAMET01,Global,0
ROYAL01,AAMET01,Global,0
ROYAL01,QAMET03,Global,0
ROYAL01,QAMET02,Global,0
ADILM01,QAMFO01,Global,0
ADILM01,QAMFU01,Global,0
CHEIL01,QAMIB06,Global,385
CHEIL01,AAMIB01,Global,335
CHEIL01,QAMIB05,Global,641
CHEIL01,QAMIB04,Global,269
CHEIL01,AAMIB04,Global,0
CHEIL01,AAMIB02,Global,265
CHEIL01,QAMIB03,Global,567
CHEIL01,AAMIB07,Global,0
CHEIL01,QAMIB02,Global,307
CHEIL01,AAMIB05,Global,2
CHEIL01,AAMIB03,Global,185
CHEIL01,QAMIB01,Global,405
CHEIL01,AAMIB06,Global,0
TRIMA01,AAMIC01,Global,11
MAJUM01,QAMIN03,Global,0
AGROG01,QAMIN01,Global,0
AGROG01,AAMIN01,Global,0
MAJUM01,QAMIN02,Global,0
AGROG01,QAMIN05,Global,100
AGROG01,QAMIN04,Global,199
NONAM01,AAMIN05,Global,0
AGROG01,AAMIN04,Global,4
SYNGE01,QAMIS01,Global,5
SYNGE01,AAMIS01,Global,9
SYNGE01,QAMIS03,Global,47651
SYNGE01,AAMIS02,Global,0
SYNGE01,QAMIS02,Global,20933
SYNGE01,AAMIS03,Global,0
BIOWO01,AAMIT01,Global,0
BIOWO01,QAMIT01,Global,0
DUPON01,QAMMA02,Global,0
BINAG01,QAMMA04,Global,0
BINAG01,AAMMA03,Global,0
DUPON01,QAMMA01,Global,0
DUPON01,AAMMA01,Global,0
BINAG01,QAMMA03,Global,0
BINAG01,AAMMA02,Global,0
KERTO01,QAMMO01,Global,0
ADVAN01,QAMOL01,Global,9682
ADVAN01,AAMOL01,Global,70
ADVAN01,QAMOL02,Global,5278
ADVAN01,AAMOL02,Global,0
KERTO01,QAMOP01,Global,0
MITRA01,QAMOR01,Global,0
MITRA01,CAMOR01,Global,0
MITRA01,QAMOR02,Global,0
ADVAN01,QAMOT04,Global,0
ADVAN01,QAMOT03,Global,0
ADVAN01,QAMOT01,Global,0
ADVAN01,AAMOT02,Global,0
ADVAN01,QAMOT02,Global,0
ADVAN01,AAMOT01,Global,0
TIGAM01,QAMPA01,Global,2425
TIGAM01,QAMPA02,Global,77
TIGAM01,QAMPA03,Global,144
SYNGE01,QAMPL01,Global,0
BINAN01,QAMUN02,Global,0
BINAN01,QAMUN01,Global,0
BINAN01,QAMUN03,Global,0
ADVAN01,AAMUR02,Global,0
ADVAN01,QAMUR01,Global,754
ADVAN01,AAMUR04,Global,0
ADVAN01,AAMUR01,Global,0
ADVAN01,QAMUR02,Global,210
ADVAN01,AAMUR03,Global,0
MITRA01,QANDR02,Global,168
MITRA01,AANDR01,Global,0
MITRA01,QANDR03,Global,230
MITRA01,AANDR02,Global,0
MITRA01,QANDR01,Global,1115
MITRA01,AANDR03,Global,0
NONAM01,ZZAND01,Global,0
NONAM01,ZZANDRO01,Global,0
FAMIN01,AANET02,Global,0
MAJUM01,AANET10,Global,0
JOHNN01,AANET01,Global,0
MAJUM01,QANET06,Global,0
MAJUM01,AANET08,Global,0
JOHNN01,QANET01,Global,0
MAJUM01,QANET03,Global,0
MAJUM01,AANET05,Global,0
MAJUM01,QANET07,Global,1217
MAJUM01,AANET11,Global,0
JOHNN01,QANET02,Global,0
JOHNN01,AANET03,Global,0
MAJUM01,QANET04,Global,1072
MAJUM01,AANET06,Global,0
MAJUM01,QANET05,Global,0
MAJUM01,AANET07,Global,0
MAJUM01,QANET08,Global,726
MAJUM01,AANET09,Global,0
JOHNN01,AANET04,Global,0
ADVAN01,QANMI01,Global,200
ADVAN01,AANPH01,Global,0
ADVAN01,QANPH01,Global,0
SARIK01,AANTA01,Global,0
SARIK01,AANTA02,Global,0
SARIK01,AANTA06,Global,0
DELIS01,AANTA07,Global,0
DELIS01,AANTA05,Global,0
DELIS01,AANTA03,Global,0
DELIS01,AANTA04,Global,0
NONAM01,ZZANTE01,Global,0
BAYER01,QANTR01,Global,0
BAYER01,AANTR01,Global,0
BAYER01,QANTR02,Global,127
BAYER01,AANTR02,Global,0
BAYER01,QANTR03,Global,360
BAYER01,AANTR03,Global,0
BAYER01,QANTR04,Global,0
SYNGE01,QANVI01,Global,0
SYNGE01,AANVI02,Global,0
SYNGE01,QANVI02,Global,20
SYNGE01,AANVI01,Global,0
SARIK02,AANWA01,Global,0
SARIK02,QANWA02,Global,0
SARIK02,QANWA01,Global,0
SARIK02,QANWA03,Global,0
SYNGE01,QAPIR02,Global,0
SYNGE01,QAPIR01,Global,0
ADVAN01,QAPIS02,Global,0
ADVAN01,AAPIS01,Global,0
ADVAN01,QAPIS01,Global,0
NONAM01,AAPOG01,Global,0
PETRO01,QAPPL01,Global,6291
PETRO01,AAPPL03,Global,0
INDAG01,AAPPL01,Global,0
PETRO01,AAPPL04,Global,0
PETRO01,QAPPL02,Global,6963
PETRO01,AAPPL02,Global,0
ADVAN01,QAPRO01,Global,0
ADVAN01,AAPRO01,Global,0
ADVAN01,QAPRO05,Global,0
ADVAN01,QAPRO02,Global,0
ADVAN01,AAPRO02,Global,0
ROYAL01,QAPRO03,Global,0
ROYAL01,QAPRO04,Global,0
ROYAL01,AAPRO03,Global,0
ADVAN01,QAREN01,Global,38332
ADVAN01,AAREN02,Global,0
ARTHA01,AARIZ02,Global,0
ARTHA01,QARIZ02,Global,0
ARTHA01,AARIZ03,Global,5
ARTHA01,QARIZ01,Global,6
MITRA26,AARIZ01,Global,2
BELIR01,AARJU01,Global,0
BELIR01,QARJU01,Global,0
BELIR01,AARJU02,Global,0
BELIR01,QARJU03,Global,0
BELIR01,QARJU02,Global,0
NONAM01,AARMA02,Global,0
AGRON01,QARMA01,Global,1491
AGRON01,AARMA01,Global,7
MITRA09,QARME01,Global,25049
MITRA09,AARME01,Global,47
BINAG01,QARRI02,Global,0
BINAG01,QARRI03,Global,0
BINAG01,QARRI01,Global,0
SARIK02,AARTO01,Global,0
SARIK02,AARTO02,Global,0
LTS 01,AASAM01,Global,7
TUNAS05,QASET04,Global,690
TUNAS05,AASET03,Global,0
TUNAS05,QASET03,Global,1930
DELIS01,AASET02,Global,0
DELIS01,QASET02,Global,1011
DELIS01,QASET01,Global,0
DELIS01,AASET01,Global,0
ASIAN01,AASIA04,Global,0
ASIAN01,AASIA01,Global,0
ASIAN01,AASIA03,Global,0
ASIAN01,QASIA01,Global,3335
ASIAN01,AASIA02,Global,0
ASIAN01,QASIA03,Global,77
ASIAN01,QASIA02,Global,368
ASIAN01,QASIA05,Global,250
ASIAN01,QASIA08,Global,116
ASIAN01,AASIA06,Global,0
ASIAN01,QASIA06,Global,446
ASIAN01,AASIA07,Global,0
ASIAN01,QASIA07,Global,60
ASIAN01,AASIA08,Global,0
ASIAN01,AASIA05,Global,0
ASIAN01,QASIA04,Global,0
ADVAN01,AASLI01,Global,0
ADVAN01,QASLI02,Global,1991
ADVAN01,QASLI01,Global,7041
AGROS03,AASME01,Global,0
NUFAR01,AASSO01,Global,0
NUFAR01,QASSO01,Global,4946
NUFAR01,AASSO03,Global,0
NUFAR01,AASSO02,Global,0
NUFAR01,AASSO04,Global,0
NUFAR01,QASSO02,Global,6062
SINAR01,QASTA04,Global,0
SINAR01,QASTA03,Global,0
SINAR01,AASTA02,Global,0
SINAR01,QASTA02,Global,885
SINAR01,QASTA01,Global,0
SINAR01,AASTA01,Global,0
SYNGE01,QATAB01,Global,0
SYNGE01,QATAB02,Global,0
ADVAN01,QATHO01,Global,0
ADVAN01,AATHO01,Global,0
ADVAN01,QATHO02,Global,0
ADVAN01,AATHO02,Global,0
ADVAN01,QATNI03,Global,0
ADVAN01,QATN02,Global,0
ADVAN01,QATNI01,Global,0
MITOK01,AATON06,Global,0
MITOK01,QATON06,Global,0
MITOK01,AATON05,Global,35
MITOK01,QATON07,Global,20832
MITOK01,AATON07,Global,0
MITOK01,QATON09,Global,3485
OATMI01,AATON08,Global,0
MITOK01,QATON08,Global,22105
MITOK01,QATON04,Global,0
MITOK01,AATON04,Global,0
MITOK01,QATON01,Global,0
MITOK01,AATON01,Global,0
MITOK01,QATON02,Global,0
MITOK01,AATON02,Global,0
MITOK01,AATON03,Global,0
MITOK01,QATON03,Global,0
MITOK01,QATON05,Global,0
NUFAR01,AATRA01,Global,0
NUFAR01,QATRA01,Global,0
SURYA02,AATRI02,Global,0
SURYA02,AATRI01,Global,0
NATHA01,QATRI01,Global,0
NATHA01,QATRI02,Global,0
NATHA01,AATRI03,Global,0
NATHA01,QATRI03,Global,0
NATHA01,AATRI04,Global,0
TANIN01,QAURO01,Global,0
TANIN01,AAURO01,Global,0
TANIN01,QAURO02,Global,0
TANIN01,AAURO02,Global,0
TANIN01,QAURO03,Global,264
TANIN01,AAURO03,Global,0
CATUR01,QAVIA01,Global,0
CATUR01,AAVIA01,Global,0
SAPRO01,QAVID01,Global,56125
SAPRO01,AAVID01,Global,0
TUNAS05,AAVOR01,Global,0
TUNAS05,QAVOR01,Global,0
ANMDE01,QAXER01,Global,0
ANMDE01,QAXER02,Global,0
JAWAA01,QAXIA01,Global,1000
ADVAN01,QAYUN01,Global,0
ADVAN01,QAYUN02,Global,115
ADVAN01,QAZAT02,Global,0
ADVAN01,QAZAT01,Global,0
ADVAN01,AAZAT01,Global,0
ADVAN01,QAZIZI01,Global,240
BEHNM02,QAZOM01,Global,0
BEHNM02,AAZOM01,Global,0
BEHNM02,QAZOM02,Global,0
TANIN01,QAZOX03,Global,0
TANIN01,QAZOX02,Global,0
TANIN01,QAZOX01,Global,0
TANIN01,AAZOX01,Global,0
SINAR13,QAZTR01,Global,400
SINAR13,AAZTR01,Global,0
BEHNM01,QBM B02,Global,0
BEHNM01,QBM B01,Global,0
BEHNM01,QBM C03,Global,0
BEHNM01,QBM C02,Global,0
BEHNM01,QBMCA01,Global,100
BEHNM01,ABM C02,Global,0
BEHNM01,QBM C04,Global,0
BEHNM01,ABM C01,Global,0
BEHNM01,QBM C01,Global,0
BEHNM01,ABM E01,Global,0
BEHNM01,QBM E01,Global,0
BEHNM01,QBM E03,Global,0
BEHNM01,QBM E02,Global,0
BEHNM01,QBM F01,Global,0
BEHNM01,ABM F01,Global,0
BEHNM01,QBM H01,Global,0
BEHNM01,ABM H01,Global,0
BEHNM01,QBM J01,Global,4755
BEHNM01,ABM J01,Global,0
BEHNM01,QBML01,Global,2972
BEHNM01,ABM L01,Global,0
BEHNM01,QBM P03,Global,0
BEHNM01,QBM P02,Global,9398
BEHNM01,QBM P01,Global,848
BEHNM01,QBM S01,Global,0
BEHNM01,QBM S02,Global,0
BEHNM01,QBM V01,Global,0
BEHNM01,ABM V01,Global,0
BEHNM01,QBM V02,Global,0
BEHNM01,QBM Z01,Global,2002
NONAM01,ZZBAAL01,Global,350
SARIK02,QBABL01,Global,0
SARIK02,CBABL03,Global,0
SARIK02,QBABL06,Global,0
SARIK02,QBABL04,Global,0
SARIK02,QBABL07,Global,0
SARIK02,CBABL04,Global,0
SARIK02,QBABL02,Global,0
SARIK02,CBABL02,Global,0
SARIK02,QBABL03,Global,0
SARIK02,CBABL01,Global,0
SARIK02,QBABL05,Global,0
LESTA01,QBACT02,Global,9812
LESTA01,ABACT04,Global,0
LESTA01,ABACT01,Global,0
LESTA01,QBACT01,Global,9904
LESTA01,ABACT02,Global,0
LESTA01,ABACT03,Global,0
SARAN04,ABAFI01,Global,0
NONAM01,ABAFI02,Global,2
N/A,ABAGJ01,Global,0
NONAM01,QBAGJA01,Global,66688
SURAB01,QBAGN01,Global,45597
NONAM01,ZZBAJU02,Global,155
NONAM01,ZZBAJU03,Global,0
NONAM01,ZZBAJU05,Global,0
NONAM01,ZZBAJU01,Global,29
NONAM01,ZZBAJU04,Global,0
BERSA01,QBAKA01,Global,0
BERSA01,QBAKA03,Global,0
NONAM01,QBAKA02,Global,0
ZENIT01,QBALE01,Global,509
ZENIT01,QBALE02,Global,578
ETONG01,QBALT01,Global,0
ETONG01,QBALT02,Global,0
BIOAG01,QBAMB01,Global,0
BIOAG01,ABAMB01,Global,0
MAJUM01,QBAME05,Global,0
MAJUM01,ABAME07,Global,0
MAJUM01,QBAME01,Global,2121
MAJUM01,ABAME03,Global,0
MAJUM01,ABAME06,Global,0
JOHNN01,QBAME02,Global,0
MAJUM01,QBAME03,Global,751
MAJUM01,ABAME04,Global,0
JOHNN01,ABAME01,Global,0
MAJUM01,QBAME04,Global,4380
MAJUM01,ABAME02,Global,100
MAJUM01,ABAME05,Global,0
NONAM01,ZZBAND01,Global,0
RABAN01,ABAND01,Global,0
RABAN01,QBAND01,Global,0
NONAM01,ABANN01,Global,0
NONAM01,ZZBANN05,Global,0
NONAM01,ZZBANN03,Global,27
NONAM01,ZZBANN04,Global,0
NONAM01,ZZBANN02,Global,0
NONAM01,ZZBANN01,Global,0
ADILM01,ATAAM01,Global,0
BEHNM01,QBASA01,Global,0
BEHNM01,QBASA02,Global,0
BERB01,CBASC01,Global,0
BEHNM01,QBASF04,Global,206
BEHNM01,ABASF05,Global,0
BEHNM01,ABASF02,Global,0
BEHNM01,QBASF02,Global,0
BEHNM01,ABASF03,Global,0
BEHNM01,QBASF03,Global,1087
BEHNM01,QBASF06,Global,0
BEHNM01,QBASF05,Global,0
BEHNM01,ABASF04,Global,0
BEHNM01,ABASF01,Global,10
BEHNM01,QBASF01,Global,307
BERB01,QBASG01,Global,1206
BERB01,QBASG04,Global,165
BERB01,QBASG02,Global,0
BERB01,QBASG03,Global,1908
CENTA01,QBASI01,Global,0
SARIK02,QBASM01,Global,0
PETRO01,QBASM02,Global,0
BERB01,QBASR03,Global,1785
BERB01,QBASR02,Global,79
BERB01,QBASR01,Global,570
BERB01,ABASR01,Global,50
PETRO01,QBASS01,Global,0
BASFI01,QBAST02,Global,0
BAYER01,QBAST01,Global,0
AGROI01,QBAST03,Global,192
STARM01,ABATE01,Global,0
STARM01,QBATE01,Global,0
SARAN04,QBATT01,Global,8
WIDJA01,ABAUT01,Global,100
GOLDE01,ABAUT02,Global,18
GOLDE01,ABAUT03,Global,6
BENIH01,QBAWA01,Global,0
ALISH01,ABAYA01,Global,0
BENIH01,QBAYA11,Global,0
BENIH01,QBAYA10,Global,0
BENIH01,QBAYA01,Global,0
BENIH01,ABAYA02,Global,0
BENIH01,QBAYA08,Global,0
BENIH01,QBAYA02,Global,0
BENIH01,ABAYA03,Global,0
NONAM01,QBAYA13,Global,0
BENIH01,QBAYA12,Global,0
BENIH01,QBAYA03,Global,0
BENIH01,ABAYA06,Global,0
BENIH01,QBAYA25,Global,0
BENIH01,QBAYA04,Global,0
BISII01,QBAYA07,Global,0
BENIH01,ABAYA05,Global,0
BENIH01,QBAYA06,Global,0
BENIH01,QBAYA09,Global,0
BENIH01,QBAYA05,Global,0
ALISH01,ABAYA04,Global,0
BAYER01,QBAYC02,Global,0
BAYER01,ABAYC02,Global,0
BAYER01,ABAYC01,Global,0
BAYER01,QBAYC01,Global,2709
BAYER01,QBAYF01,Global,0
BAYER01,ABAYF01,Global,0
BAYER01,QBAYF02,Global,0
BAYER01,QBAYL01,Global,0
BAYER01,ABAYL01,Global,0
SINAR01,CBAZA01,Global,0
SINAR01,CBAZA02,Global,0
AGRIC01,ABAZO01,Global,0
AGRIC01,QBAZO01,Global,0
DHARM03,QBEEN06,Global,0
DHARM03,QBEEN07,Global,0
DHARM03,ABEEN01,Global,0
DHARM03,QBEEN03,Global,0
DHARM03,QBEEN01,Global,0
DHARM03,ABEEN03,Global,0
DHARM03,QBEEN09,Global,359
DHARM03,QBEEN02,Global,337
DHARM03,ABEEN02,Global,0
DHARM03,QBEEN05,Global,0
DHARM03,QBEEN04,Global,0
DHARM03,QBEEN08,Global,228
CATUR01,ABEET01,Global,0
CATUR01,QBEET02,Global,0
CATUR01,ABEET02,Global,0
CATUR01,QBEET01,Global,0
CATUR01,QBEET03,Global,0
BEHNM01,QBEHN01,Global,0
INDOA01,QBEKA01,Global,656
TANAM01,ABELL01,Global,0
TANAM01,QBELL01,Global,859
TANAM01,QBELL02,Global,812
SARIK01,ABELO01,Global,0
SARIK01,ABELO02,Global,0
SARIK01,QBELO01,Global,0
BAYER01,QBELT01,Global,0
BAYER01,ABELT03,Global,0
BAYER01,QBELT03,Global,0
BAYER01,QBELT02,Global,0
BAYER01,ABELT01,Global,0
WIDJA01,ABELT02,Global,9
ASIAN01,CBENU01,Global,0
ASIAN01,CBENU03,Global,0
ASIAN01,CBENU02,Global,0
ASIAN01,CBENU04,Global,0
KARUN03,QBENA01,Global,42
KARUN03,ABENA01,Global,0
KARUN03,CBENA01,Global,0
ASIAN01,QBENC01,Global,162
ASIAN01,ABENC01,Global,0
ASIAN01,QBENC02,Global,148
N/A,ABENC03,Global,0
ASIAN01,ABENC02,Global,0
ASIAN01,QBENC03,Global,0
TANIN01,QBENF01,Global,0
GREEN01,QBENS01,Global,0
GREEN01,ABENS01,Global,0
GREEN01,ABENS02,Global,0
GREEN01,QBENS02,Global,0
TRIDA01,QBENT01,Global,0
TRIDA01,ABENT02,Global,0
JAYAT04,QBENT07,Global,0
TRIDA01,QBENT02,Global,0
TRIDA01,ABENT01,Global,0
ASIAN01,ABENT05,Global,0
ASIAN01,ABENT03,Global,0
ASIAN01,QBENT04,Global,0
ASIAN01,QBENT03,Global,0
ASIAN01,QBENT06,Global,0
ASIAN01,QBENT05,Global,0
WIDJA01,ABENT04,Global,8
ASIAN01,ABENX01,Global,0
ASIAN01,CBENX01,Global,0
NONAM01,ZZBERA01,Global,0
MAJUM01,QBERN02,Global,0
MAJUM01,QBERN04,Global,77
MAJUM01,ABERN02,Global,0
MAJUM01,QBERN03,Global,1054
MAJUM01,ABERN01,Global,0
MAJUM01,QBERN01,Global,0
MAJUM01,ABERN03,Global,0
TANAM01,ABERN04,Global,0
TANAM01,QBERN06,Global,974
TANAM01,QBERN05,Global,3
TANAM01,ABERN05,Global,0
SURYA02,ABERO02,Global,0
SURYA02,ABERO01,Global,0
SURYA02,QBERO02,Global,0
SURYA02,QBERO01,Global,0
SURYA02,ABERO03,Global,0
TANIN01,QBESM01,Global,0
TIARA01,ABESR01,Global,0
TIARA01,QBESR01,Global,0
DALZO01,QBEST03,Global,0
DALZO01,QBEST05,Global,0
DALZO01,QBEST04,Global,0
TIARA01,QBEST02,Global,0
BINAG01,QBEST01,Global,0
TIARA01,ABESV03,Global,0
TIARA01,ABESV01,Global,0
TIARA01,QBESV01,Global,0
TIARA01,ABESV02,Global,0
MENTA01,ABETA01,Global,0
PERSA01,QBETA03,Global,840
CATUR01,QBETA02,Global,0
CATUR01,ABETA03,Global,0
CATUR01,QBETA01,Global,0
MENTA01,ABETA02,Global,0
ALFAB01,QBETA04,Global,1120
ARTHA01,ABETT01,Global,0
ARTHA01,ABETT02,Global,15
ARTHA01,QBETT01,Global,906
ARTHA01,ABIGG02,Global,0
ARTHA01,QBIGG02,Global,0
ARTHA01,ABIGG01,Global,0
TANIN01,QBIGG06,Global,0
TANIN01,QBIGG01,Global,0
LESTA01,ABIGG03,Global,0
LESTA01,QBIGG05,Global,0
LESTA01,QBIGG03,Global,0
LESTA01,ABIGG04,Global,0
LESTA01,ABIGG08,Global,0
LESTA01,QBIGG07,Global,98980
LESTA01,ABIGG07,Global,0
LESTA01,ABIGG06,Global,0
LESTA01,ABIGG05,Global,0
LESTA01,QBIGG04,Global,48165
SARIK02,QBIGX03,Global,400
SARIK02,QBIGX05,Global,0
SARIK02,QBIGX04,Global,120
LANGG02,QBINA01,Global,0
LANGG02,QBINA03,Global,0
LANGG02,QBINA02,Global,0
WAHAN01,QBIOC08,Global,0
WAHAN01,ABIOC01,Global,0
WAHAN01,ABIOC02,Global,0
WAHAN01,QBIOC07,Global,95
WAHAN01,QBIOC02,Global,140
WAHAN01,ABIOC03,Global,0
WAHAN01,QBIOC01,Global,191
WAHAN01,ABIOC04,Global,0
WAHAN01,QBIOC06,Global,480
WAHAN01,ABIOC05,Global,0
WAHAN01,QBIOC05,Global,0
WAHAN01,QBIOC04,Global,0
WAHAN01,ABIOC07,Global,0
WAHAN01,ABIOC06,Global,0
WAHAN01,QBIOC03,Global,0
WAHAN01,ABIOF02,Global,0
WAHAN01,ABIOF01,Global,0
SYNGE01,QBION01,Global,0
SYNGE01,ABION01,Global,0
SARIK02,CBION01,Global,0
SARIK02,QBION02,Global,9985
SARIK02,ABION02,Global,0
SARIK02,QBION03,Global,11898
SARIK02,ABION03,Global,0
BIOTE01,ABION04,Global,0
SARAN04,ABION10,Global,99
SARAN04,ABION06,Global,0
SARAN04,ABION07,Global,0
SARAN04,ABION09,Global,0
SARAN04,ABION05,Global,0
SARAN04,ABION08,Global,0
MAJUM01,ABION11,Global,2
BIOWO01,ABIOS02,Global,0
BIOWO01,QBIOS01,Global,189
BIOWO01,ABIOS03,Global,10
BIOWO01,QBIOS02,Global,318
BIOWO01,ABIOS01,Global,0
BIOWO01,QBIOS03,Global,80
WAHAN01,QBIOS04,Global,0
BIOTE01,ABIOX01,Global,0
BIOTE01,ABIOX02,Global,0
PUTRA05,ABLAC02,Global,0
PUTRA05,QBLAC01,Global,358
PUTRA05,ABLAC03,Global,0
PUTRA05,QBLAC02,Global,583
WIDJA01,ABLAC01,Global,83
AGRIC02,ABLAS03,Global,0
AGRIC01,QBLAS01,Global,3570
AGRIC01,ABLAS01,Global,0
AGRIC01,QBLAS02,Global,524
AGRIC01,ABLAS02,Global,0
NONAM01,ZZBLEN01,Global,0
BISII01,QBLEW02,Global,0
BISII01,ABLEW02,Global,0
BISII01,ABLEW01,Global,0
BISII01,QBLEW01,Global,0
BENIH01,QBLEW03,Global,0
EXCEL01,CBLUE01,Global,0
EXCEL01,QBLUE01,Global,693
EXCEL01,ABLUE01,Global,0
STARM01,QBODY01,Global,5
SAPRO01,QBOMU01,Global,0
SAPRO01,QBOMU02,Global,0
SAPRO01,QBOMU03,Global,0
DHARM03,QBOMS01,Global,0
PERSA01,QBONG01,Global,218
PERSA01,QBONG03,Global,200
PERSA01,QBONG02,Global,290
BINAG01,QBOOM01,Global,0
BINAG01,QBOOM02,Global,0
BINAG01,ABOOM01,Global,0
TANIN01,QBOOM03,Global,255
TANIN01,ABOOM02,Global,0
TANIN01,QBOOM04,Global,0
NUFAR01,QBOOS01,Global,0
NUFAR01,ABOOS01,Global,0
NUFAR01,QBOOS02,Global,0
NUFAR01,ABOOS02,Global,0
BINAG01,QBORA01,Global,43
BINAG01,ABORA01,Global,0
BINAG01,QBORA02,Global,0
BINAG01,QBORA05,Global,0
SENTA01,CBORA02,Global,0
SENTA01,QBORA03,Global,0
SENTA01,QBORA04,Global,0
SENTA01,CBORA01,Global,0
AGROG01,ABORE03,Global,0
AGROG01,ABORE04,Global,4
AGROG01,ABORE01,Global,0
AGROG01,ABORE02,Global,0
TANIA04,CBORN01,Global,0
ARTHA05,ABORO02,Global,4
LESTA01,QBORO01,Global,40539
LESTA01,ABORO01,Global,1814
MITRA09,ABOTO03,Global,200
NONAM01,ZZBOTO02,Global,2
NONAM01,ZZBOTO01,Global,2
NONAM01,ZZBOTO03,Global,2
NONAM01,ZZBOTO04,Global,2
MITRA09,ABOTO04,Global,600
MITRA09,ABOTO01,Global,1100
MITRA09,ABOTO02,Global,2219
NONAM01,ZZBOXK01,Global,0
SURYA02,QBRAP03,Global,0
SURYA02,ABRAP01,Global,0
SURYA02,QBRAP02,Global,255
SURYA02,ABRAP02,Global,3
SURYA02,QBRAP01,Global,549
SURYA02,QBRAP04,Global,0
MITRA01,QBRAS01,Global,349
MITRA01,ABRAS02,Global,8
MITRA01,QBRAS02,Global,1165
MITRA01,ABRAS03,Global,2
MITRA01,QBRAS03,Global,610
MITRA01,ABRAS01,Global,0
JAWAA01,QBRAU01,Global,2340
JAWAA01,CBRAU01,Global,0
JAWAA01,QBRAU03,Global,46
JAWAA01,CBRAU03,Global,0
JAWAA01,QBRAU02,Global,192
JAWAA01,CBRAU02,Global,0
MITRA01,ABRAV01,Global,0
SARIK02,QBRAV04,Global,3395
SARIK02,QBRAV05,Global,0
SARIK02,ABRAV04,Global,0
SARIK02,QBRAV02,Global,0
SARIK02,ABRAV02,Global,0
SARIK02,QBRAV07,Global,14
SARIK02,QBRAV01,Global,45
SARIK02,ABRAV05,Global,0
SARIK02,QBRAV06,Global,525
SARIK02,QBRAV03,Global,0
SARIK02,ABRAV03,Global,0
CORTE01,QBROA01,Global,20445
AGRIC01,QBROF01,Global,0
NONAM01,ZZBROS07,Global,0
NONAM01,ZZBROS02,Global,12720
NONAM01,QBROS01,Global,1598
NONAM01,ZZBROS06,Global,0
MITRA09,QBROS03,Global,0
NONAM01,ZZBROS03,Global,28189
MITRA09,QBROS04,Global,0
NONAM01,ZZBROS04,Global,29217
NONAM01,ZZBROS01,Global,0
NONAM01,ZZBROS05,Global,12300
NONAM01,ZZBUKU05,Global,20
NONAM01,ZZBUKU07,Global,20
NONAM01,ZZBUKU08,Global,5
NONAM01,ZZBUKU01,Global,0
NONAM01,ZZBUKU06,Global,1297
NONAM01,ZZBUKU02,Global,0
N/A,ZZBUKU04,Global,2235
NONAM01,ZZBUKU03,Global,0
BAYER01,QBULD01,Global,0
BAYER01,ABULD01,Global,0
BAYER01,QBULD02,Global,0
BAYER01,ABULD02,Global,0
BAYER01,ABULD03,Global,0
BAYER01,QBULD03,Global,0
BENIH01,ABUNC01,Global,0
BENIH01,ABUNC02,Global,0
BENIH01,QBUNC03,Global,0
BENIH01,QBUNC05,Global,135
BENIH01,ABUNC05,Global,0
BENIH01,QBUNC06,Global,0
BENIH01,QBUNC08,Global,0
BENIH01,QBUNC01,Global,0
BENIH01,QBUNC07,Global,0
ADITY01,ABUNC03,Global,0
BISII01,QBUNC04,Global,0
BISII01,ABUNC04,Global,0
BISII01,QBUNC02,Global,0
BISII01,ABUNC08,Global,0
ORIEN01,ABUNC09,Global,0
BENIH01,QBUNC09,Global,0
RAJAP01,ABUNC07,Global,0
RAJAP01,ABUNC06,Global,0
AGRIM01,QBUNG01,Global,0
AGRIM01,QBUNG05,Global,0
AGRIM01,QBUNG03,Global,0
AGRIM01,ABUNG03,Global,0
AGRIM01,QBUNG04,Global,0
AGRIM01,ABUNG04,Global,0
AGRIM01,QBUNG02,Global,0
AGRIM01,ABUNG02,Global,0
AGRIM01,ABUNG01,Global,0
ASIAN01,ABUNI01,Global,0
ASIAN01,QBUNI01,Global,251
BERSA01,QBURN01,Global,0
STARM01,QBUSI01,Global,5
TANIN01,QBUZZ01,Global,0
SAPRO01,QCNG01,Global,0
SAPRO01,QCPN01,Global,0
SAPRO01,ACPN01,Global,0
BENIH01,QCABE49,Global,0
MUTUP01,ACABE01,Global,0
BISII01,ACABE56,Global,0
BISII01,QCABE41,Global,650
BENIH01,QCABE01,Global,0
BENIH01,ACABE33,Global,0
BENIH01,QCABE35,Global,0
BENIH01,ACABE47,Global,0
BENIH01,QCABE39,Global,0
BENIH01,ACABE52,Global,0
SURYA01,ACABE02,Global,0
AGRIM01,ACABE50,Global,0
MUTUP01,ACABE03,Global,0
ORIEN01,ACABE49,Global,0
BENIH01,ACABE53,Global,0
BISII01,ACABE22,Global,0
BISII01,QCABE02,Global,0
BISII01,QCABE40,Global,0
BISII01,QCABE29,Global,0
HEXTA02,QCABE03,Global,0
TANIM01,QCABE04,Global,0
BISII01,QCABE27,Global,0
BISII01,ACABE54,Global,0
BISII01,ACABE27,Global,0
BISII01,QCABE23,Global,0
BISII01,ACABE28,Global,0
BISII01,ACABE55,Global,0
BISII01,QCABE46,Global,0
BISII01,QCABE24,Global,0
BISII01,QCABE54,Global,0
BENIH01,QCABE63,Global,1
BENIH01,QCABE48,Global,0
BISII01,QCABE21,Global,48
BISII01,ACABE32,Global,0
BISII01,QCABE05,Global,0
BISII01,ACABE04,Global,0
WAHAN01,ACABE25,Global,0
HEXTA02,ACABE05,Global,0
HEXTA02,QCABE32,Global,0
BENIH01,ACABE06,Global,0
BENIH01,QCABE06,Global,2951
BENIH01,ACABE43,Global,0
BENIH01,QCABE33,Global,0
BENIH01,QCABE68,Global,2
BENIH01,QCABE58,Global,0
BENIH01,QCABE56,Global,0
BENIH01,QCABE37,Global,0
BISII01,QCABE07,Global,0
BISII01,ACABE36,Global,0
BISII01,QCABE53,Global,0
TANIM01,ACABE07,Global,0
INKOS01,ACABE35,Global,0
INKOS01,QCABE08,Global,0
BISII02,QCABE59,Global,228
BISII01,QCABE09,Global,0
BISII01,ACABE40,Global,0
BISII01,QCABE60,Global,0
INKOS01,ACABE08,Global,0
INKOS01,QCABE10,Global,0
INKOS01,ACABE18,Global,0
INKOS01,QCABE11,Global,0
BENIH01,QCABE70,Global,690
HEXTA02,ACABE09,Global,0
HEXTA02,QCABE12,Global,0
MAJUM01,QCABE64,Global,134
HEXTA02,QCABE13,Global,0
MUTUP01,ACABE10,Global,0
BENIH01,QCABE50,Global,0
ORIEN01,ACABE41,Global,0
ORIEN01,ACABE42,Global,0
ORIEN01,ACABE11,Global,0
ORIEN01,QCABE43,Global,0
ORIEN01,ACABE19,Global,0
ORIEN01,QCABE42,Global,0
ORIEN01,ACABE20,Global,0
ORIEN01,ACABE38,Global,0
AURAS01,QCABE62,Global,2015
WAHAN01,ACABE23,Global,0
KORE01,QCABE14,Global,0
INKOS01,QCABE26,Global,0
BENIH01,QCABE44,Global,0
BENIH01,ACABE58,Global,0
BISII01,ACABE30,Global,0
MUTUP01,ACABE12,Global,0
WAHAN01,ACABE26,Global,0
BISII01,QCABE47,Global,0
RAJAP01,ACABE17,Global,0
MUTUP01,ACABE21,Global,0
MAJUM01,QCABE66,Global,70
RAJAP01,ACABE37,Global,0
SURYA01,ACABE13,Global,0
AGRIM01,ACABE51,Global,0
ADVAN02,QCABE67,Global,0
MAJUM01,QCABE65,Global,100
SYNGE02,ACABE29,Global,0
TANIM01,QCABE34,Global,0
BISII01,ACABE39,Global,0
BISII01,QCABE38,Global,0
BISII01,QCABE28,Global,0
BISII01,ACABE31,Global,0
BISII01,QCABE31,Global,0
SYNGE02,ACABE14,Global,0
SYNGE02,QCABE15,Global,0
BENIH01,QCABE51,Global,0
BENIH01,ACABE48,Global,0
BENIH01,QCABE36,Global,853
BISII02,QCABE69,Global,552
BISII01,ACABE34,Global,0
BISII01,QCABE55,Global,0
BISII01,QCABE16,Global,0
BISII01,ACABE57,Global,0
BENIH01,QCABE52,Global,0
BENIH01,QCABE17,Global,1416
BENIH01,ACABE15,Global,0
BENIH01,QCABE57,Global,0
TANIM01,ACABE45,Global,0
TANIM01,QCABE18,Global,0
TANIM01,QCABE19,Global,0
TANIM01,QCABE25,Global,0
TANIM01,ACABE16,Global,1
TANIM01,QCABE45,Global,0
TANIM01,QCABE22,Global,0
TANIM01,ACABE44,Global,0
TANIM01,ACABE24,Global,0
TANIM01,QCABE20,Global,0
TANIM01,QCABE30,Global,0
TANIM01,ACABE46,Global,0
BENIH01,QCABE61,Global,0
BASFI01,QCABR01,Global,9217
BASFI01,ACABR09,Global,0
BASFI01,QCABR02,Global,5330
BASFI01,ACABR10,Global,0
BASFI01,ACABR08,Global,0
BASFI01,ACABR01,Global,0
BASFI01,QCABR03,Global,0
BASFI01,ACABR02,Global,0
BASFI01,QCABR04,Global,0
BASFI01,ACABR07,Global,0
BASFI01,QCABR05,Global,0
BASFI01,ACABR04,Global,0
BASFI01,QCABR08,Global,0
BASFI01,ACABR11,Global,0
BASFI01,QCABR09,Global,0
BASFI01,ACABR06,Global,0
BASFI01,ACABR05,Global,0
BASFI01,QCABR06,Global,0
BASFI01,ACABR03,Global,0
BASFI01,QCABR07,Global,0
SINAM01,ACABZ01,Global,0
SINAM01,QCABZ01,Global,0
SINAM01,QCABZ02,Global,0
BIOTI01,ACADI01,Global,0
CATUR01,ACAGA01,Global,0
SELEC01,QCALF01,Global,0
SELEC01,ACALF01,Global,0
PRIMA01,QCALP01,Global,0
PRIMA01,ACALP01,Global,0
SYNGE01,QCALA01,Global,0
SYNGE01,ACALA01,Global,0
SYNGE01,QCALA02,Global,0
SYNGE01,ACALA03,Global,0
SYNGE01,QCALA03,Global,0
SYNGE01,ACALA02,Global,0
WAHAN01,ACALB01,Global,0
MITRA25,ACALC01,Global,0
MITRA25,QCALC02,Global,1007
MITRA25,QCALC03,Global,617
LAKAB01,ACALC02,Global,4
KERTO01,QCALC01,Global,0
KERTO01,CCALC01,Global,0
MAJUM01,QCALG01,Global,1419
MAJUM01,QCALG03,Global,32
MAJUM01,QCALG02,Global,0
ZENIT01,QCALI01,Global,1217
ARYST01,ACALL01,Global,0
KERTO01,QCALP02,Global,0
ARTHA05,ACALS01,Global,4
CATUR01,ACAMA01,Global,0
NONAM01,ZZCAME01,Global,0
JAWAA01,CCAMI01,Global,0
JAWAA01,CCAMI04,Global,0
JAWAA01,CCAMI03,Global,0
JAWAA01,CCAMI02,Global,0
JAWAA01,QCAM01,Global,1000
JAWAA01,QCAMI02,Global,23
JAWAA01,QCAMI01,Global,0
JAWAA01,QCAMP01,Global,0
JAWAA01,QCAMP03,Global,0
JAWAA01,QCAMP02,Global,0
TANIN01,QCANI01,Global,0
AGRIC01,ACAPT01,Global,0
DHARM01,QCAPT01,Global,0
AGROG01,ACARM01,Global,0
AGROG01,QCARM02,Global,0
AGROG01,QCARM01,Global,0
AGROG01,ACARM02,Global,0
MITRA09,QCAST01,Global,85955
MITRA09,ACAST01,Global,0
MITRA09,QCAST02,Global,2081
MITRA09,QCAST03,Global,0
MITRA09,QCASTO05,Global,0
MITRA09,ACASTO01,Global,0
MITRA09,QCAST04,Global,35210
HEXTA02,ACAUL01,Global,0
HEXTA02,QCAUL01,Global,0
TANIM01,QCAUL05,Global,0
LILIS01,QCAUL06,Global,4033
BISII01,QCAUL02,Global,0
BISII01,ACAUL04,Global,0
ERATA01,ACAUL05,Global,0
BISII01,ACAUL06,Global,0
BISII01,QCAUL04,Global,0
SARIB01,ACAUL02,Global,0
ERATA01,ACAUL03,Global,0
ERATA01,QCAUL03,Global,0
BERB01,CCKEL01,Global,0
PETRO01,ACEBA02,Global,0
PETRO01,QCEBA02,Global,1617
PETRO01,ACEBA03,Global,0
PETRO01,QCEBA03,Global,1553
PETRO01,ACEBA01,Global,0
PETRO01,QCEBA01,Global,717
NONAM01,ZZCELA01,Global,0
NONAM01,ZZCELA02,Global,283
EXCEL01,QCELC01,Global,0
EXCEL01,QCELQ01,Global,6926
EXCEL01,CCELQ01,Global,0
EXCEL01,CCELQ03,Global,0
EXCEL01,QCELQ03,Global,0
EXCEL01,CCELQ02,Global,0
EXCEL01,QCELQ02,Global,3
CENTA01,ACENT01,Global,0
CENTA01,QCENT10,Global,0
CENTA01,CCENT01,Global,0
CENTA01,QCENT09,Global,0
CENTA01,QCENT11,Global,0
CENTA01,QCENT08,Global,0
CENTA01,QCENT07,Global,0
CENTA01,QCENT06,Global,0
AGROT01,QCENT01,Global,0
AGROT01,ACENT02,Global,0
AGROT01,QCENT05,Global,0
AGROT01,ACENT04,Global,0
AGROT01,QCENT04,Global,0
AGROT01,QCENT03,Global,0
CENTA01,QCENT12,Global,0
TANIA05,QCENT14,Global,0
CENTA01,QCENT13,Global,0
CENTA01,QCENT02,Global,0
CENTA01,ACENT03,Global,0
INDAG01,ACEPH01,Global,0
INDAG01,QCEPH01,Global,0
NUFAR01,QCHAM01,Global,7
NUFAR01,ACHAM01,Global,0
NUFAR01,QCHAM02,Global,50
SARAN04,QCHAR02,Global,10
STARM01,ACHAR05,Global,0
EXCEL01,ACHAR03,Global,1
STARM01,QCHAR01,Global,0
STARM01,ACHAR04,Global,0
WIDJA01,ACHAR01,Global,0
WIDJA01,ACHAR02,Global,0
NUFAR01,QCHEP02,Global,0
NUFAR01,QCHEP03,Global,0
NUFAR01,QCHEP01,Global,0
JAWAA01,QCHIE01,Global,1437
JAWAA01,QCHIE03,Global,5
NONAM01,ACHIEF01,Global,0
JAWAA01,QCHIE02,Global,291
NUFAR01,ACHIX01,Global,0
NUFAR01,QCHIX01,Global,0
NUFAR01,QCHIX02,Global,0
HEXTA03,ACHLO01,Global,0
HEXTA03,ACHLO02,Global,0
SINAR01,ACHLO03,Global,0
SARIK01,ACIEL01,Global,0
SARIK01,ACIEL02,Global,0
SINAR01,QCLEA01,Global,0
SINAR01,QCLEA02,Global,0
DOWAG01,QCLIN01,Global,0
DOWAG01,QCLIP03,Global,0
DOWAG01,ACLIP03,Global,0
DOWAG01,QCLIP01,Global,0
DOWAG01,ACLIP02,Global,0
DOWAG01,QCLIP02,Global,0
DOWAG01,ACLIP01,Global,0
DOWAG01,QCLOS01,Global,0
DOWAG01,ACLOS01,Global,0
DELIS01,QCOBR01,Global,821
DELIS01,ACOBR07,Global,0
DELIS01,QCOBR02,Global,65
DELIS01,ACOBR01,Global,0
DELIS01,QCOBR04,Global,884
DELIS01,ACOBR06,Global,0
DELIS01,ACOBR05,Global,0
DELIS01,ACOBR02,Global,0
DELIS01,QCOBR03,Global,0
DELIS01,ACOBR03,Global,0
DELIS01,ACOBR04,Global,22
NATHA01,QCOMB03,Global,0
NATHA01,QCOMB04,Global,0
NATHA01,QCOMB02,Global,0
NATHA01,QCOMB01,Global,0
FORUM01,QCOMP01,Global,0
BAYER01,QCONF02,Global,1137
BAYER01,ACONF02,Global,0
BAYER01,QCONF01,Global,0
BAYER01,QCONF03,Global,0
BAYER01,ACONF01,Global,0
BAYER01,QCONF05,Global,0
BAYER01,ACONF03,Global,0
BAYER01,QCONF04,Global,0
BAYER01,ACONF04,Global,0
BAYER01,QCONF06,Global,0
BAYER01,ACONS01,Global,0
BAYER01,QCONS01,Global,0
NONAM01,ACONS02,Global,0
NONAM01,ACONS03,Global,0
TUNAS05,QCONT01,Global,0
TUNAS05,ACONT01,Global,0
NONAM01,ZZCOOK01,Global,0
TANIN01,QCOPC06,Global,0
TANIN01,ACOPC05,Global,0
TANIN01,QCOPC01,Global,0
TANIN01,ACOPC01,Global,0
TANIN01,QCOPC04,Global,0
TANIN01,QCOPC05,Global,0
TANIN01,ACOPC04,Global,0
TANIN01,QCOPC02,Global,0
TANIN01,ACOPC02,Global,0
TANIN01,ACOPC03,Global,0
TANIN01,QCOPC03,Global,0
DYRIZ01,QCOPP03,Global,0
DYRIZ01,QCOPP02,Global,0
DYRIZ01,QCOPP01,Global,0
ZENIT01,QCORI02,Global,3896
ZENIT01,QCORI01,Global,6553
NONAM01,ACORN01,Global,0
HEXTA03,ACORO01,Global,0
CATUR01,ACOUG01,Global,0
BAYER01,QCOUN03,Global,0
BAYER01,ACOUN03,Global,0
BAYER01,QCOUN04,Global,0
BAYER01,QCOUN05,Global,19
BAYER01,QCOUN06,Global,0
CATUR01,ACOUN02,Global,0
CATUR01,QCOUN01,Global,0
CATUR01,ACOUN01,Global,0
CATUR01,QCOUN02,Global,0
AGROI01,QCOWI01,Global,724
CATUR01,ACOYO02,Global,0
CATUR01,QCOYO02,Global,230
CATUR01,ACOYO01,Global,0
CATUR01,QCOYO01,Global,331
AGRIC01,QCRAS01,Global,0
AGRIC01,QCRAS04,Global,0
AGRIC01,QCRAS02,Global,0
AGRIC01,QCRAS03,Global,0
BINAG01,QCRON02,Global,0
BINAG01,QCRON01,Global,0
AGROG01,ACROW03,Global,0
AGROG01,ACROW02,Global,0
AGROG01,ACROW01,Global,0
SYNGE01,QCRUI01,Global,0
SYNGE01,ACRUI01,Global,0
TANIN01,QCRUM02,Global,0
TANIN01,QCRUM01,Global,0
SYNGE01,QCULT01,Global,0
NONAM01,ZZCUPS01,Global,0
AGROG01,ACUPR01,Global,0
ARTHA05,ACUPR02,Global,4
SYNGE01,QCURA01,Global,440
SYNGE01,ACURA01,Global,0
SYNGE01,QCURA02,Global,0
SYNGE01,ACURA03,Global,0
SYNGE01,QCURA03,Global,0
SYNGE01,ACURA02,Global,0
BINAG01,QCURA04,Global,309
BINAG01,ACURA04,Global,0
BAYER01,QCURB01,Global,0
BAYER01,ACURB01,Global,0
BAYER01,ACURB02,Global,0
BAYER01,QCURB02,Global,0
BAYER01,ACURB03,Global,0
DUPON01,QCURZ01,Global,0
ROYAL01,QCUST01,Global,0
ROYAL01,QCUST02,Global,0
ROYAL01,QCUST03,Global,0
ROYAL01,ACUST01,Global,0
RABAN01,ACYMA02,Global,0
RABAN01,QCYMA02,Global,0
RABAN01,ACYMA01,Global,0
RABAN01,QCYMA01,Global,0
SYNGE01,QCYMB01,Global,5000
SYNGE01,ACYMB02,Global,0
SYNGE01,QCYMB02,Global,500
SYNGE01,QCYMB03,Global,1520
SYNGE01,ACYMB01,Global,0
GLOBA01,QCYMO01,Global,0
GLOBA01,ACYMO01,Global,0
GLOBA01,QCYMO03,Global,1280
GLOBA01,ACYMO02,Global,0
GLOBA01,QCYMO02,Global,0
FARMC01,QCYPE01,Global,0
ROYAL01,ACYPR01,Global,0
ROYAL01,QCYPR01,Global,0
DANKE01,QDKDU01,Global,120
DANKE01,ADKDU01,Global,0
DANKE01,ADKFE02,Global,0
DANKE01,QDKFE02,Global,1980
DANKE01,QDKFE01,Global,5035
DANKE01,ADKFE01,Global,0
DANKE01,QDKFE03,Global,1919
DANKE01,ADKFE03,Global,0
DANKE01,QDKFI06,Global,0
DANKE01,QDKFI02,Global,0
DANKE01,ADKFI03,Global,0
DANKE01,QDKFI05,Global,0
DANKE01,QDKFI01,Global,0
DANKE01,ADKFI04,Global,0
DANKE01,QDKFI04,Global,0
DANKE01,ADKFI02,Global,0
DANKE01,QDKFI03,Global,0
DANKE01,ADKFI01,Global,0
DANKE01,QDKFO04,Global,0
DANKE01,ADKFO03,Global,0
DANKE01,QDKFO03,Global,0
DANKE01,ADKFO01,Global,0
DANKE01,ADKFO04,Global,0
DANKE01,QDKFO01,Global,0
DANKE01,QDKFO02,Global,0
DANKE01,ADKFO02,Global,0
DANKE01,QDKGL08,Global,0
DANKE01,ADKGL01,Global,0
DANKE01,QDKGL10,Global,0
DANKE01,ADKGL02,Global,0
DANKE01,QDKGL09,Global,0
DANKE01,QDKME11,Global,0
DANKE01,ADKME08,Global,0
DANKE01,QDKME10,Global,0
DANKE01,ADKME10,Global,0
DANKE01,QDKME09,Global,0
DANKE01,ADKME07,Global,0
DANKE01,QDKME08,Global,0
DANKE01,ADKME09,Global,0
DANKE01,QDKME04,Global,0
DANKE01,QDKME06,Global,0
DANKE01,ADKME05,Global,0
DANKE01,QDKME05,Global,0
DANKE01,ADKME03,Global,0
DANKE01,QDKME07,Global,0
DANKE01,ADKME06,Global,0
DANKE01,ADKME12,Global,0
DANKE01,QDKME13,Global,0
DANKE01,ADKME11,Global,0
DANKE01,QDKME12,Global,0
DANKE01,QDKME01,Global,0
DANKE01,ADKME02,Global,0
DANKE01,QDKME03,Global,0
DANKE01,ADKME04,Global,0
DANKE01,QDKME02,Global,0
DANKE01,ADKME01,Global,0
DANKE01,QDKPR01,Global,0
DANKE01,ADKPR03,Global,0
DANKE01,QDKPR03,Global,0
DANKE01,QDKPR04,Global,0
DANKE01,ADKPR01,Global,0
DANKE01,ADKPR02,Global,0
DANKE01,QDKPR02,Global,0
DANKE01,QDKST02,Global,0
DANKE01,ADKST01,Global,0
DANKE01,QDKST01,Global,0
DANKE01,QDKST03,Global,0
DANKE01,ADKZO03,Global,0
DANKE01,QDKZO03,Global,0
DANKE01,QDKZO01,Global,77
DANKE01,ADKZO02,Global,0
DANKE01,ADKZO04,Global,0
DANKE01,QDKZO02,Global,0
DANKE01,ADKZO01,Global,0
NONAM01,ZZDVD03,Global,0
NONAM01,ZZDVD01,Global,0
NONAM01,ZZDVD02,Global,0
EXIND01,ADACO01,Global,0
EXIND01,QDACO01,Global,0
DALZO01,QDAMA01,Global,0
DALZO01,ADAMA01,Global,0
MAJUM01,QDAME01,Global,170
MAJUM01,QDAME02,Global,493
BERB01,QDANA01,Global,6
BERB01,QDANA03,Global,0
BERB01,QDANA02,Global,0
DHARM01,ADANG01,Global,0
GLOBA01,QDAPP01,Global,0
GLOBA01,ADAPP01,Global,0
STARM01,ADASA01,Global,0
SAPRO01,ADEBE01,Global,0
BAYER01,QDECI01,Global,2567
BAYER01,ADECI01,Global,0
BAYER01,QDECI02,Global,2775
BAYER01,ADECI02,Global,0
BAYER01,QDECI03,Global,157
BAYER01,ADECI03,Global,2
BAYER01,QDECI04,Global,0
BAYER01,ADECI04,Global,0
BAYER01,QDECI05,Global,1617
BAYER01,ADECI05,Global,0
BAYER01,ADECI06,Global,0
KALAT01,QDEKA01,Global,7174
KALAT01,ADEKA01,Global,0
KALAT01,QDEKA02,Global,0
KALAT01,ADEKA03,Global,0
KALAT01,QDEKA07,Global,0
KALAT01,QDEKA03,Global,1242
KALAT01,ADEKA02,Global,0
KALAT01,QDEKA06,Global,0
KALAT01,QDEKA04,Global,110
KALAT01,ADEKA04,Global,0
KALAT01,ADEKA05,Global,0
KALAT01,QDEKA05,Global,0
KALAT01,ADEKT02,Global,0
KALAT01,QDEKT03,Global,294
NONAM01,ADEKT04,Global,0
KALAT01,QDEKT01,Global,297
KALAT01,ADEKT01,Global,0
KALAT01,QDEKT02,Global,2749
KALAT01,ADEKT03,Global,0
SINON01,ADELI02,Global,0
SINON01,ADELI01,Global,0
SINAR01,ADELL03,Global,0
SINAR01,ADELL02,Global,0
SINAR01,QDELL03,Global,0
SINAR01,QDELL02,Global,0
SINAR01,QDELL04,Global,95
SINAR01,ADELL04,Global,0
SINAR01,ADELL01,Global,0
SINAR01,QDELL01,Global,0
DUPON01,QDELS01,Global,0
DUPON01,ADELS01,Global,0
DUPON01,QDELS02,Global,0
DUPON01,ADELS02,Global,0
SYNGE01,QDEMA01,Global,0
NONAM01,ZZDEMO01,Global,610
MITRA09,ZZDEMO07,Global,705
MITRA09,QDEMO06,Global,0
MITRA09,ZZDEMO04,Global,4790
MITRA09,QDEMO07,Global,0
NONAM01,ZZDEMO03,Global,4910
MITRA09,ZZDEMO06,Global,405
MITRA09,QDEMO08,Global,0
NONAM01,ZZDEMO02,Global,4400
MITRA09,ZZDEMO05,Global,345
DHARM01,ADEMO02,Global,0
DHARM01,QDEMO02,Global,0
DHARM01,ADEMO03,Global,0
DHARM01,QDEMO03,Global,0
DHARM01,ADEMO01,Global,0
DHARM01,QDEMO01,Global,0
TANIN01,QDEMO05,Global,0
TANIN01,QDEMO04,Global,0
MULTI01,QDEMO09,Global,400
MITRA09,QDESA03,Global,0
MITRA09,ADESA04,Global,0
MITRA09,ADESA01,Global,663
MITRA09,QDESA01,Global,12968
MITRA09,ADESA03,Global,0
MITRA09,ADESA02,Global,178
MITRA09,QDESA02,Global,32436
SANIT01,ADESK01,Global,0
SANIT01,QDESK01,Global,0
DELTR01,QDEST04,Global,0
DELTR01,QDETS03,Global,0
DELTR01,QDEST05,Global,0
BAYER01,ADEST01,Global,0
BAYER01,QDEST01,Global,0
BAYER01,ADEST02,Global,0
BAYER01,QDEST02,Global,0
SAPRO01,ADETA01,Global,0
DELTR01,QDETA01,Global,0
NONAM01,ZZDETE01,Global,0
NONAM01,ZZDETE02,Global,1580
MITRA25,ADEWA02,Global,0
MITRA25,QDEWA01,Global,1680
MITRA25,QDEWA02,Global,655
MITRA25,ADEWA01,Global,3
WIDJA01,ADIAP01,Global,0
PETRO01,ADIAZ01,Global,0
PETRO01,QDIAZ01,Global,0
PETRO01,QDIAZ02,Global,0
PETRO01,QDIAZ03,Global,0
SARIK02,QDIKA03,Global,0
SARIK02,QDIKA02,Global,0
SARIK02,QDIKA04,Global,0
SARIK02,QDIKA01,Global,0
KALAT01,QDIMA01,Global,0
KALAT01,QDIMA02,Global,0
CATUR01,ADIMP01,Global,0
CATUR01,ADIMP02,Global,0
FARMC01,ADINA03,Global,0
FARMC01,QDINA02,Global,0
FARMC01,QDINA03,Global,0
ALISH01,ADINA02,Global,1
IMTAS01,QDINA04,Global,71
WIDJA01,ADINA01,Global,4
STARM01,QDINA01,Global,12
DHARM03,QDIND01,Global,0
NONAM01,ZZDISP03,Global,0
NONAM01,ZZDISP02,Global,0
NONAM01,ZZDISP01,Global,0
DOWAG01,QDITH01,Global,0
DOWAG01,ADITH01,Global,0
DOWAG01,QDITH02,Global,0
DOWAG01,ADITH02,Global,0
DOWAG01,QDITH03,Global,0
DOWAG01,ADITH03,Global,0
DITYA01,ADITY01,Global,0
TANIN01,QDIVA01,Global,0
TANIN01,QDIVA03,Global,0
TANIN01,QDIVA02,Global,0
MAJUM01,ADJUV01,Global,0
DOWAG01,QDMA601,Global,0
DOWAG01,ADMA-03,Global,0
DOWAG01,QDMA602,Global,0
DOWAG01,ADMA-04,Global,0
DOWAG01,ADMA-01,Global,0
DOWAG01,QDMA603,Global,0
DOWAG01,ADMA-02,Global,0
BELIR01,ADOLL01,Global,0
PETRO02,ADONE01,Global,15
SARAN08,ADONK01,Global,0
SARAN08,QDONK04,Global,16
SARAN08,QDONK01,Global,0
SARAN08,ADONK04,Global,0
SARAN08,QDONK05,Global,0
SARAN08,QDONK02,Global,0
SARAN08,ADONK02,Global,0
SARAN08,QDONK06,Global,0
SARAN08,QDONK03,Global,0
SARAN08,ADONK03,Global,0
SANIT01,QDORU03,Global,0
SANIT01,QDORU04,Global,0
SANIT01,ADORU01,Global,0
SANIT01,QDORU01,Global,0
SANIT01,QDORU02,Global,0
SANIT01,ADORU02,Global,0
WIDJA01,ADOUB01,Global,60
ADILM01,ADRYU01,Global,0
ADILM01,CDRYU01,Global,0
ADILM01,QDRYU04,Global,0
ADILM01,QDRYU03,Global,0
ADILM01,CDRYU03,Global,0
ADILM01,QDRYU01,Global,0
ADILM01,QDRYU02,Global,0
ADILM01,CDRYU02,Global,0
TANIA04,CDUET01,Global,0
TANIA04,CDUET02,Global,0
SINAR01,QDUIT08,Global,0
SINAR01,QDUIT03,Global,0
SINAR01,QDUIT06,Global,0
SINAR01,QDUIT01,Global,0
SINAR01,QDUIT07,Global,0
SINAR01,QDUIT02,Global,0
SINAR01,QDUIT05,Global,0
SINAR01,QDUIT04,Global,0
ACEBI01,QDUMI03,Global,0
EXCEL01,QDUMI01,Global,0
EXCEL01,ADUMI02,Global,0
EXCEL01,QDUMI02,Global,1743
EXCEL01,ADUMI01,Global,0
DOWAG01,QDURS01,Global,0
DOWAG01,ADURS04,Global,0
DOWAG01,QDURS02,Global,0
DOWAG01,ADURS01,Global,0
DOWAG01,QDURS05,Global,0
DOWAG01,ADURS05,Global,0
DOWAG01,QDURS03,Global,0
DOWAG01,ADURS02,Global,0
DOWAG01,QDURS04,Global,0
DOWAG01,ADURS03,Global,0
TANAM01,QDURU02,Global,792
TANAM01,ADURU01,Global,89
TANAM01,QDURU01,Global,1093
SONGG03,QEM-403,Global,1710
SONGG03,AEM-401,Global,2
SONGG03,QEM-402,Global,2853
SONGG03,AEM-402,Global,0
SONGG03,AEM-406,Global,0
SONGG03,AEM-403,Global,0
SONGG03,QEM-401,Global,11
SONGG03,AEM-405,Global,0
SONGG03,AEM-404,Global,0
SONGG03,QEM-404,Global,10
DELTR01,QEDO01,Global,1849
NUSAM01,QEKSA01,Global,0
NUSAM01,QEKSA02,Global,0
MITRA01,QELAN01,Global,0
MITRA01,QELAN02,Global,0
NONAM01,QELAZA03,Global,0
MITRA09,QELAZ02,Global,48163
MITRA09,AELAZ01,Global,0
MITRA09,QELAZ01,Global,54349
MITRA09,AELAZ02,Global,749
DALZO01,AELEC01,Global,0
DALZO01,QELEC01,Global,0
DALZO01,QELEC05,Global,0
DALZO01,QELEC06,Global,0
DALZO01,QELEC02,Global,0
DALZO01,AELEC02,Global,0
DALZO01,QELEC04,Global,0
DALZO01,QELEC03,Global,0
IMTAS01,QELEK01,Global,0
SYNGE01,QELES02,Global,1700
SYNGE01,QELES01,Global,220
EXCEL01,QEMAC04,Global,48
EXCEL01,AEMAC05,Global,0
EXCEL01,CEMAC03,Global,0
EXCEL01,QEMAC03,Global,225
EXCEL01,AEMAC03,Global,2
EXCEL01,CEMAC02,Global,0
EXCEL01,AEMAC04,Global,0
EXCEL01,QEMAC05,Global,191
EXCEL01,CEMAC01,Global,0
EXCEL01,QEMAC01,Global,327
EXCEL01,AEMAC02,Global,0
ACEBI01,QEMAC02,Global,0
ACEBI01,AEMAC01,Global,0
DELIS01,AEMAP07,Global,0
DELIS01,QEMAP06,Global,375
DELIS01,AEMAP06,Global,21
DELIS01,QEMAP05,Global,494
DELIS01,QEMAP02,Global,0
DELIS01,AEMAP04,Global,0
DELIS01,AEMAP03,Global,0
DELIS01,QEMAP04,Global,9
DELIS01,QEMAP01,Global,0
DELIS01,AEMAP02,Global,0
DELIS01,QEMAP08,Global,442
DELIS01,AEMAP01,Global,194
DELIS01,QEMAP03,Global,0
DELIS01,AEMAP05,Global,0
ASIAN01,QEMAP07,Global,1295
ASIAN01,AEMPR07,Global,40
MAJUM01,AEMBA01,Global,0
NONAM01,ZZEMBE01,Global,39
MAJUM01,QEMCL01,Global,443
MAJUM01,QEMCL02,Global,1656
MAJUM01,AEMCL01,Global,0
AGRIC01,QEMER01,Global,0
AGRIC01,AEMER01,Global,0
AGRIC01,QEMER02,Global,0
AGRIC01,AEMER02,Global,0
DELIS01,AEMPO01,Global,1
AGROT05,AEMVI01,Global,0
AGROT05,AEMVI02,Global,0
DOWAG01,AENDU02,Global,0
DOWAG01,QENDU01,Global,0
DOWAG01,QENDU03,Global,0
DOWAG01,AENDU03,Global,0
DOWAG01,QENDU02,Global,0
DOWAG01,AENDU01,Global,0
WAHAN02,AENGI02,Global,0
WAHAN02,AENGI01,Global,0
DUPON01,QEQUA01,Global,0
DUPON01,AEQUA01,Global,0
DUPON01,QEQUA02,Global,0
DELIS01,AERGO03,Global,0
DELIS01,AERGO02,Global,0
DELIS01,AERGO01,Global,0
CATUR01,QEROS02,Global,5360
CATUR01,QEROS01,Global,0
CATUR01,AEROS02,Global,0
CATUR01,AEROS01,Global,0
DELIS01,AETHI01,Global,0
BAYER01,AETHR01,Global,0
BAYER01,QETHR01,Global,0
BAYER01,QETHR02,Global,2532
BAYER01,AETHR02,Global,0
BAYER01,QETHR04,Global,0
BAYER01,QETHR03,Global,0
JAWAA01,AEVEN01,Global,0
JAWAA01,QEVEN01,Global,0
WAHAN01,AEVER01,Global,0
TANIN01,QEXPE02,Global,0
TANIN01,AEXPE02,Global,0
TANIN01,AEXPE01,Global,0
TANIN01,QEXPE01,Global,0
NONAM01,AEXTE01,Global,0
SINAR01,QEKST04,Global,50
SINAR01,QEXTR02,Global,0
SINAR01,QEXTR01,Global,0
SINAR01,QEXTR03,Global,0
SINAR01,AEXTR02,Global,0
AGROT01,AEXTR01,Global,0
GREEN01,QFAMD01,Global,0
GREEN01,QFAMD02,Global,0
WIDJA01,AFAN01,Global,25
MULTI01,QFARG01,Global,16
BASFI01,AFAST03,Global,0
BASFI01,QFAST01,Global,0
BASFI01,QFAST06,Global,0
BASFI01,QFAST02,Global,0
BASFI01,AFAST01,Global,0
BASFI01,QFAST05,Global,0
BASFI01,AFAST04,Global,0
BASFI01,AFAST02,Global,0
BASFI01,QFAST03,Global,0
BASFI01,QFAST04,Global,0
NUFAR01,QFAST07,Global,0
REJEK04,QFAST08,Global,2833
AGROI01,QFENP01,Global,628
NUFAR01,AFENT01,Global,0
NUFAR01,QFENT01,Global,0
BEHNM01,QFENT05,Global,0
BEHNM01,QFENT04,Global,0
BEHNM01,AFENT04,Global,0
ASIAN01,AFENT03,Global,0
ASIAN01,QFENT03,Global,0
ASIAN01,QFENT02,Global,1274
ASIAN01,AFENT05,Global,0
ASIAN01,AFENT02,Global,0
MITRA01,QFENV01,Global,2947
MITRA01,AFENV04,Global,0
MITRA01,QFENV05,Global,1569
MITRA01,QFENV02,Global,0
MITRA01,AFENV01,Global,0
MITRA01,AFENV02,Global,0
MITRA01,QFENV03,Global,6808
MITRA01,AFENV03,Global,0
MITRA01,QFENV04,Global,2615
JAWAA01,QFERA01,Global,0
JAWAA01,AFERA01,Global,0
JAWAA01,QFERA03,Global,28
JAWAA01,QFERA02,Global,0
JAWAA01,AFERA02,Global,0
DUPON01,QFERT01,Global,0
BINAG01,AFERT03,Global,0
BINAG01,AFERT06,Global,0
BINAG01,QFERT05,Global,0
BINAG01,AFERT04,Global,0
DUPON01,QFERT04,Global,0
SAPRO01,QFERT03,Global,0
SAPRO01,AFERT05,Global,0
SAPRO01,AFERT02,Global,0
SAPRO01,QFERT02,Global,0
JOHNN01,AFEST01,Global,0
AGROG01,AFEST02,Global,0
AGROG01,QFEST01,Global,0
BEHNM01,AFETR01,Global,0
BEHNM01,QFETR01,Global,0
BEHNM01,QFETR02,Global,716
SYNGE01,QFILI01,Global,16732
SYNGE01,AFILI01,Global,16
SYNGE01,QFILI02,Global,18013
SYNGE01,AFILI02,Global,0
INDOI01,QFILL02,Global,0
INDOI01,QFILL01,Global,0
INDOI01,AFILL01,Global,0
NATHA01,AFIPR02,Global,0
NATHA01,QFIPR02,Global,0
NATHA01,AFIPR01,Global,0
NATHA01,QFIPR01,Global,0
INTER01,QFIRO01,Global,0
GREEN01,QFITO08,Global,0
GREEN01,QFITO01,Global,0
GREEN01,AFITO05,Global,0
GREEN01,QFITO02,Global,0
GREEN01,AFITO06,Global,0
GREEN01,AFITO04,Global,0
GREEN01,QFITO03,Global,0
TANIN01,QFITO07,Global,0
TANIN01,QFITO04,Global,0
TANIN01,QFITO10,Global,0
TANIN01,QFITO09,Global,0
GREEN01,AFITO01,Global,0
GREEN01,AFITO02,Global,0
GREEN01,QFITO05,Global,0
GREEN01,QFITO06,Global,0
GREEN01,AFITO03,Global,0
GOLDE02,QFLAS01,Global,10
ALFAB01,QFLAS02,Global,1100
JOHNN01,AFLAV01,Global,0
DALZO01,AFLYE01,Global,0
BAYER01,AFOLI05,Global,0
BAYER01,QFOLI07,Global,0
BAYER01,QFOLI06,Global,0
BAYER01,QFOLI08,Global,0
BAYER01,AFOLI01,Global,0
BAYER01,QFOLI01,Global,0
BAYER01,AFOLI03,Global,0
BAYER01,AFOLI02,Global,0
BAYER01,QFOLI02,Global,0
BAYER01,QFOLI03,Global,0
BAYER01,AFOLI04,Global,0
MITRA01,QFOLI04,Global,3812
MITRA01,AFOLI07,Global,0
MITRA01,AFOLI06,Global,0
MITRA01,QFOLI05,Global,271
MITRA01,QFOLI09,Global,27
HEXTA03,AFOLT01,Global,0
AGRON01,QFOND01,Global,798
AGRON01,QFOND02,Global,800
SINER01,QFONI01,Global,460
SINAR01,QFORM03,Global,0
SINAR01,AFORM02,Global,0
SINAR01,QFORM01,Global,1920
SINAR01,AFORM01,Global,0
SINAR01,QFORM04,Global,0
SINAR01,QFORM02,Global,0
SINAR01,AFORM03,Global,0
MITRA01,QFORS01,Global,4
MITRA01,QFORS02,Global,8
SYNGE01,QFORT02,Global,0
MITRA25,QFORT01,Global,0
MITRA25,AFORT01,Global,5
SARIK02,AFOST01,Global,0
BEHNM01,QFRUI01,Global,208
WAHAN02,AFUEL01,Global,0
INDAG01,AFUJI02,Global,0
INDAG01,QFUJI01,Global,0
INDAG01,AFUJI01,Global,0
INDAG01,QFUJI02,Global,0
LESTA01,AFUNG03,Global,0
LESTA01,QFUNG02,Global,4323
LESTA01,AFUNG02,Global,0
LESTA01,QFUNG01,Global,0
LESTA01,AFUNG01,Global,0
BINAG01,QFURA01,Global,0
BINAG01,AFURA01,Global,0
BINAG01,QFURA02,Global,0
BINAG01,AFURA02,Global,0
SAFEC01,AFURA03,Global,0
SAFEC01,QFURA03,Global,0
MAJUM01,QFUTA04,Global,100
MAJUM01,QFUTA03,Global,0
MAJUM01,QFUTA01,Global,0
MAJUM01,QFUTA02,Global,0
SINAR01,AFUTS01,Global,0
MAJUM01,AGASR02,Global,0
MAJUM01,AGASR01,Global,0
JAWAA01,AGA301,Global,0
KRIST01,QGABU01,Global,823
AGROG01,AGABU01,Global,0
KRIST01,QGACA01,Global,145
KRIST01,QGAJA01,Global,140
AGROG01,AGAJA01,Global,0
KRIST01,AGAJA02,Global,40
KRIST01,QGAJE01,Global,860
AGROG01,AGAJE01,Global,0
